name,description,address,postal_code
Temasek Polytechnic,Public Development Shelter,"Temasek Polytechnic, 21 Tampines Ave 1,  Singapore 529757",529757
Construction Industry Training Institute,Public Development Shelter,"Construction Industry Training Institute, 200 Braddell Road,  Singapore 5797",579700
ITE - Bishan,Public Development Shelter,"ITE - Bishan, 21 Bishan Street 14,  Singapore 579781",579781
Revenue House,Public Development Shelter,"Revenue House, 55 Newton Road ,  Singapore 307987",307987
Nanyang Polytechnic,Public Development Shelter,"Nanyang Polytechnic, 180 Ang Mo Kio Ave 8,  Singapore 569830",569830
The Atrium @ Orchard carpark,Public Development Shelter,"The Atrium @ Orchard carpark , 60 Orchard Road ,  Singapore 238889",238889
Institute of Public Administration and Management,Public Development Shelter,"Institute of Public Administration and Management , 31 North Buona Vista Road,  Singapore 275983",275983
Fusionopolis (One North -carpark ),Public Development Shelter,"Fusionopolis, 11 Ayer Rajah Avenue,  Singapore 138666",138636
Bukit Batok CC,Community Centre CD Shelter,"21 Bukit Batok Central,  Singapore 659959",659959
Bukit Panjang CC,Community Centre CD Shelter,"8 Pending Rd,  Singapore 678295",678295
Choa Chu Kang CC,Community Centre CD Shelter,"35 Teck Whye Ave,  Singapore 688892",688892
Jurong Green CC,Community Centre CD Shelter,"6 Jurong West Ave 1,  Singapore 649520",649520
Hong Kah North CC,Community Centre CD Shelter,"30 Bukit Batok Street 31,  Singapore 659440",659440
Nee Soon East CC,Community Centre CD Shelter,"1 Yishun Ave 9,  Singapore 768893",768893
Punggol CC,Community Centre CD Shelter,"3 Hougang Ave 6,  Singapore 538808",538808
Tampines East CC,Community Centre CD Shelter,"10 Tampines Street 23,  Singapore 529341",529341
Tampines West CC,Community Centre CD Shelter,"10 Tampines Street 81 ,  Singapore 529014",529014
Ang Mo Kio CC,Community Centre CD Shelter,"795 Ang Mo Kio Ave 1,  Singapore 569976",569976
Teck Ghee CC,Community Centre CD Shelter,"861 Ang Mo Kio Ave 10,  Singapore 569734",569734
Telok Blangah CC,Community Centre CD Shelter,"450 Telok Blangah Street 31,  Singapore 108943",108943
Nanyang CC,Community Centre CD Shelter,"60 Jurong West Street 91,  Singapore 649040",649040
Bishan CC,Community Centre CD Shelter,"51 Bishan Street 13,  Singapore 579799",579799
Marine Parade CC,Community Centre CD Shelter,"278 Marine Parade Road,  Singapore 449282",449282
Ulu Pandan CC,Community Centre CD Shelter,"170, Ghim Moh Road,  Singapore 279621",279621
Toa Payoh West CC,Community Centre CD Shelter,"200 Lorong 2 Toa Payoh,  Singapore 319642",319642
Zheng Hua CC,Community Centre CD Shelter,"1 Segar Road ,  Singapore 677738",677738
Pasir Ris Elias CC,Community Centre CD Shelter,"93 Pasir Ris Drive 3 ,  Singapore 519498",519498
Braddell (North- South Line),MRT Shelter,"377 LORONG 1 TOA PAYOH, BRADDELL MRT STATION,  Singapore 3197",319756
Newton (NSL),MRT Shelter,"49 Scotts Road,  Singapore 2282",228234
Somerset (NSL),MRT Shelter,"1 SOMERSET ROAD, SOMERSET MRT STATION,  Singapore 2381",238162
Raffles Place (NSL),MRT Shelter,"5 RAFFLES PLACE, RAFFLES PLACE MRT STATION,  Singapore 0486",48618
City Hall (NSL),MRT Shelter,"150 NORTH BRIDGE ROAD, CITY HALL MRT STATION,  Singapore 1791",179100
Tiong Bahru (East-West Line),MRT Shelter,"300 TIONG BAHRU ROAD, TIONG BAHRU MRT STATION,  Singapore 1687",168731
Bugis (EWL),MRT Shelter,"220 VICTORIA STREET, BUGIS MRT STATION,  Singapore 1880",188022
Lavender (EWL),MRT Shelter,"50 KALLANG ROAD, LAVENDER MRT STATION,  Singapore 2086",208699
Marina Bay (NSL),MRT Shelter,"21 PARK STREET, MARINA BAY MRT STATION,  Singapore 0189",18925
Buangkok (North-East Line),MRT Shelter,"10 SENGKANG CENTRAL, BUANGKOK MRT STATION,  Singapore 5450",545061
Hougang (NEL),MRT Shelter,"80 HOUGANG CENTRAL, HOUGANG MRT STATION,  Singapore 5387",538758
Kovan (NEL),MRT Shelter,"900 UPPER SERANGOON ROAD, KOVAN MRT STATION,  Singapore 5347",534799
Serangoon (NEL),MRT Shelter,"21 SERANGOON CENTRAL, SERANGOON MRT STATION,  Singapore 5560",556082
Woodleigh (NEL),MRT Shelter,"400 UPPER SERANGOON ROAD, WOODLEIGH MRT STATION,  Singapore 3476",347695
Potong Pasir (NEL),MRT Shelter,"55 UPPER SERANGOON ROAD, POTONG PASIR MRT STATION,  Singapore 3476",347694
Boon Keng (NEL),MRT Shelter,"900 SERANGOON ROAD, BOON KENG MRT STATION,  Singapore 3282",328260
Farrer Park (NEL),MRT Shelter,"250 RACE COURSE ROAD, FARRER PARK MRT STATION,  Singapore 2187",218703
Little India (NEL),MRT Shelter,"60 Bukit Timah Road,  Singapore 2299",229900
Clarke Quay (NEL),MRT Shelter,"10 EU TONG SEN STREET, CLARKE QUAY MRT STATION,  Singapore 0598",59815
Chinatown (NEL),MRT Shelter,"151 NEW BRIDGE ROAD, CHINATOWN MRT STATION,  Singapore 0594",59443
Outram Park (NEL),MRT Shelter,"300 EU TONG SEN STREET, OUTRAM PARK MRT STATION,  Singapore 0598",59816
Habourfront (NEL),MRT Shelter,"81 TELOK BLANGAH ROAD, HARBOURFRONT MRT STATION,  Singapore 0988",98867
Bartley (Circle Line),MRT Shelter,"90 BARTLEY ROAD, BARTLEY MRT STATION,  Singapore 5397",539788
Lorong Chuan (CCL),MRT Shelter,"150 SERANGOON AVENUE 3, LORONG CHUAN MRT STATION,  Singapore 5545",554533
Bishan (CCL),MRT Shelter,"200 BISHAN ROAD, BISHAN MRT STATION,  Singapore 5798",579827
Mountbatten (CCL),MRT Shelter,"301 MOUNTBATTEN ROAD, MOUNTBATTEN MRT STATION,  Singapore 3980",398006
Dakota (CCL),MRT Shelter,"201 OLD AIRPORT ROAD, DAKOTA MRT STATION,  Singapore 3979",397973
Macpherson (CCL),MRT Shelter,"10 CIRCUIT LINK, MACPHERSON MRT STATION,  Singapore 3789",378956
Caldecott (CCL),MRT Shelter,"38 TOA PAYOH RISE, CALDECOTT MRT STATION,  Singapore 2981",298113
Botanic Gardens (CCL),MRT Shelter,"491 BUKIT TIMAH ROAD, BOTANIC GARDENS MRT STATION,  Singapore 2597",259777
Buona Vista (CCL),MRT Shelter,"150 NORTH BUONA VISTA ROAD, BUONA VISTA MRT STATION,  Singapore 1393",139350
Haw Par Villa (CCL),MRT Shelter,"270 PASIR PANJANG ROAD, HAW PAR VILLA MRT STATION,  Singapore 1173",117396
Labrador Park (CCL),MRT Shelter,"701 TELOK BLANGAH ROAD, LABRADOR PARK MRT STATION,  Singapore 1090",109029
Bukit Panjang (DTL2),MRT Shelter,"950 UPPER BUKIT TIMAH ROAD, BUKIT PANJANG MRT STATION,  Singapore 6782",678213
Cashew (DTL2),MRT Shelter,"1 CASHEW ROAD, CASHEW MRT STATION,  Singapore 6796",679696
Hillview (DTL2),MRT Shelter,"510 UPPER BUKIT TIMAH ROAD, HILLVIEW MRT STATION,  Singapore 6782",678211
Beauty World (DTL2),MRT Shelter,"101 UPPER BUKIT TIMAH ROAD, BEAUTY WORLD MRT STATION,  Singapore 5882",588216
King Albert Park (DTL2),MRT Shelter,"2 BLACKMORE DRIVE, KING ALBERT PARK MRT STATION,  Singapore 5999",599987
Sixth Avenue (DTL2),MRT Shelter,"777 BUKIT TIMAH ROAD, SIXTH AVENUE MRT STATION,  Singapore 2697",269784
Tan Kah Kee (DTL2),MRT Shelter,"651 BUKIT TIMAH ROAD, TAN KAH KEE MRT STATION,  Singapore 2662",266268
Bishan St 23,HDB Public Shelter,Blk 212 Bishan St 23 #B1-257 S5702,570212
Bishan St 23,HDB Public Shelter,Blk 213 Bishan St 23 #B1-235 S5702,570213
Bishan St 23,HDB Public Shelter,Blk 214 Bishan Street 23 #B1-223 S5702,570214
Bishan St 23,HDB Public Shelter,Blk 215 Bishan St 23 #B1-203 S5702,570215
Bishan St 23,HDB Public Shelter,Blk 220 Bishan St 23 #B1-189 S5702,570220
Bishan St 23,HDB Public Shelter,Blk 221 Bishan St 23 #B1-183 S5702,570221
Bishan St 23,HDB Public Shelter,Blk 222 Bishan St 23 #B1-169 S5702,570222
Bishan St 23,HDB Public Shelter,Blk 223 Bishan St 23 #B1-145 S5702,570223
Bishan St 23,HDB Public Shelter,Blk 224 Bishan Street 23 #B1-131 S5702,570224
Bishan St 23,HDB Public Shelter,Blk 225 Bishan St 23 #B1-119 S5702,570225
Bishan St 23,HDB Public Shelter,Blk 226 Bishan St 23 #B1-101 S5702,570226
Bishan St 23,HDB Public Shelter,Blk 227 Bishan St 23 #B1-79 S5702,570227
Bishan St 23,HDB Public Shelter,Blk 228 Bishan St 23 #B1-71 S5702,570228
Bishan St 23,HDB Public Shelter,Blk 229 Bishan St 23 #B1-53 S5702,570229
Bishan St 23,HDB Public Shelter,Blk 230 Bishan St 23 #B1-35 S5702,570230
Bishan St 23,HDB Public Shelter,Blk 231 Bishan Street 23 #B1-05 S5702,570231
Bishan St 22,HDB Public Shelter,Blk 232 Bishan St 22 #B1-112 S5702,570232
Bishan St 22,HDB Public Shelter,Blk 233 Bishan St 22 #B1-134 S5702,570233
Bishan St 22,HDB Public Shelter,Blk 234 Bishan St 22 #B1-118 S5702,570234
Bishan St 22,HDB Public Shelter,Blk 235 Bishan Street 22 #B1-144 S5702,570235
Bishan St 22,HDB Public Shelter,Blk 236 Bishan St 22 #B1-154 S5702,570236
Bishan St 22,HDB Public Shelter,Blk 237 Bishan St 22 #B1-176 S5702,570237
Bishan St 22,HDB Public Shelter,Blk 238 Bishan Street 22 #B1-228 S5702,570238
Bishan St 22,HDB Public Shelter,Blk 239 Bishan St 22 #B1-202 S5702,570239
Bishan St 22,HDB Public Shelter,Blk 241 Bishan St 22 #B1-236 S5702,570241
Bishan St 22,HDB Public Shelter,Blk 242 Bishan St 22 #B1-266 S5702,570242
Bishan St 22,HDB Public Shelter,Blk 243 Bishan St 22 #B1-274 S5702,570243
Bishan St 22,HDB Public Shelter,Blk 245 Bishan St 22 #B1-320 S5702,570245
Bishan St 22,HDB Public Shelter,Blk 246 Bishan Street 22 #B1-338 S5702,570246
Bishan St 22,HDB Public Shelter,Blk 248 Bishan St 22 #B1-360 S5702,570248
Bishan St 22,HDB Public Shelter,Blk 249 Bishan St 22 #B1-370 S5702,570249
Bishan St 22,HDB Public Shelter,Blk 250 Bishan Street 22 #B1-384 S5702,570250
Bishan St 22,HDB Public Shelter,Blk 251 Bishan St 22 #B1-408 S5702,570251
Bishan St 22,HDB Public Shelter,Blk 253 Bishan Street 22 #B1-428 S5702,570253
Bishan St 22,HDB Public Shelter,Blk 254 Bishan St 22 #B1-444 S5702,570254
Bishan St 22,HDB Public Shelter,Blk 255 Bishan Street 22 #B1-462 S5702,570255
Bishan St 22,HDB Public Shelter,Blk 256 Bishan St 22 #B1-472 S5702,570256
Bishan St 22,HDB Public Shelter,Blk 257 Bishan St 22 #B1-327 S5702,570257
Bishan St 22,HDB Public Shelter,Blk 259 Bishan St 22 #B1-309 S5702,570259
Bishan St 22,HDB Public Shelter,Blk 260 Bishan St 22 #B1-295 S5702,570260
Bishan St 22,HDB Public Shelter,Blk 261 Bishan St 22 #B1-229 S5702,570261
Bishan St 22,HDB Public Shelter,Blk 262 Bishan St 22 #B1-287 S5702,570262
Bishan St 24,HDB Public Shelter,Blk 264 Bishan St 24 #B1-114 S5702,570264
Bishan St 24,HDB Public Shelter,Blk 268 Bishan St 24 #B1-170 S5702,570268
Bishan St 24,HDB Public Shelter,Blk 269 Bishan St 24 #B1-192 S5702,570269
Bishan St 24,HDB Public Shelter,Blk 270 Bishan St 24 #B1-198 S5702,570270
Bishan St 24,HDB Public Shelter,Blk 271 Bishan North St 24 #B1-218 S5702,570271
Bishan St 24,HDB Public Shelter,Blk 272 Bishan St 24 #B1-228 S5702,570272
Bishan St 24,HDB Public Shelter,Blk 288 Bishan Street 24 #01-11 S5702,570288
Bishan St 22,HDB Public Shelter,Blk 293 Bishan Street 22 #01-83 S5702,570293
Holland Close,HDB Public Shelter,Blk 30A Holland Close #01-209 S2710,271030
Holland Close,HDB Public Shelter,Blk 3A Holland Close #01-55 S2720,272003
Boon keng Road,HDB Public Shelter,Blk 6 Boon Keng Road #01-52 S3300,330006
George's Lane,HDB Public Shelter,Blk 4C St George's Lane #01-157 S3220,322004
Cambridge Road,HDB Public Shelter,Blk 40 Cambridge Road #01-1,210040
Queen's Close,HDB Public Shelter,Blk 21 Queen's Close #01-141 S1400,140021
Jalan Rumah Tinggi,HDB Public Shelter,Blk 35 Jalan Rumah Tinggi #01-4,150035
Jalan Rumah Tinggi,HDB Public Shelter,Blk 36 Jalan Rumah Tinggi #01-4,150036
Stratmore Ave,HDB Public Shelter,Blk 82 Stratmore Ave #01-148 S1410,141082
Redhill Lane,HDB Public Shelter,Blk 82 Redhill Lane #01-65 S1500,150082
Bukit Merah View,HDB Public Shelter,Blk 125 Bukit Merah View #01-386 S1511,151125
Clarence Lane,HDB Public Shelter,Blk 132 Clarence Lane #01-12 S1401,140132
Kim Tian Road,HDB Public Shelter,Blk 123 Kim Tian Road #01-62 S1601,160123
Toa Payoh Lor 1,HDB Public Shelter,Blk 172A Toa Payoh Lor 1 #01-1170 S3111,311172
Toa Payoh Lorong 4,HDB Public Shelter,Blk 80A Toa Payoh Lorong 4 #01-454 S(31108,311080
Toa Payoh Lorong 5,HDB Public Shelter,Blk 80B Toa Payoh Lorong 4 #01-440 S(31208,312080
Toa Payoh Lorong 2,HDB Public Shelter,Blk 86 Toa Payoh Lor 2 #01-333 S3100,310086
Toa Payoh Lorong 5,HDB Public Shelter,Blk 43 Toa Payoh Lor 5 #01-131 S3100,310043
Toa Payoh Lorong 5,HDB Public Shelter,Blk 50 Toa Payoh Lor 5 #01-69 S3100,310050
Whampoa Road,HDB Public Shelter,Blk 115 Whampoa Road #01-115 S3201,320115
Bedok South Ave 2,HDB Public Shelter,Blk 10C Bedok South Ave 2 #01-562 S4620,462010
Simei Street 5,HDB Public Shelter,Blk 243 Simei Street 5 #01-16 S5202,520243
Simei St 1,HDB Public Shelter,Blk 256 Simei St 1 #01-517 S5202,520256
Tampines St 32,HDB Public Shelter,Blk 302 Tampines St 32 #01-36 S5203,520302
Tampines St 33,HDB Public Shelter,Blk 313 Tampines St 33 #01-26 S5203,520313
Tampines St 33,HDB Public Shelter,Blk 316 Tampines St 33 #01-180 S5203,520316
Tampines St 32,HDB Public Shelter,Blk 328 Tampines St 32 #01-362 S5203,520328
Tampines St 32,HDB Public Shelter,Blk 333 Tampines Street 32 #01-536 S5203,520333
Tampines St 33,HDB Public Shelter,Blk 338 Tampines St 33 #01-204 S5203,520338
Tampines St 33,HDB Public Shelter,Blk 343 Tampines St 33 #01-318 S5203,520343
Tampines St 33,HDB Public Shelter,Blk 345 Tampines St 33 #01-350 S5203,520345
Tampines St 33,HDB Public Shelter,Blk 349 Tampines St 33 #01-434 S5203,520349
Jalan Tenaga,HDB Public Shelter,Blk 645 Jalan Tenaga #01-105 S4106,410645
Jalan Tenaga,HDB Public Shelter,Blk 651 Jalan Tenaga #01-04 S4106,410651
Jalan Tenaga,HDB Public Shelter,Blk 655 Jalan Tenaga #01-94 S4106,410655
Jalan Tenaga,HDB Public Shelter,Blk 660 Jalan Tenaga #01-134 S4106,410660
Jalan Damai,HDB Public Shelter,Blk 661 Jalan Damai #01-129 S4106,410661
Jalan Damai,HDB Public Shelter,Blk 671 Jalan Damai #01-03 S4106,410671
Chai Chee Ave,HDB Public Shelter,Blk 29A Chai Chee Ave #01-74 S4610,461029
Circuit Road,HDB Public Shelter,Blk 42 Circuit Road #01-531 S3700,370042
Pipit Road,HDB Public Shelter,Blk 55 Pipit Road #01-04 S3700,370055
Pasir Ris Street 11,HDB Public Shelter,Blk 136 Pasir Ris Street 11 #01-233 S5101,510136
Pasir Ris Street 11,HDB Public Shelter,Blk 138 Pasir Ris St 11 #01-207 S5101,510138
Pasir Ris St 13,HDB Public Shelter,Blk 148 Pasir Ris St 13 #01-24 S5101,510148
Pasir Ris St 13,HDB Public Shelter,Blk 156 Pasir Ris St 13 #01-35 S5101,510156
Pasir Ris St 11,HDB Public Shelter,Blk 185 Pasir Ris St 11 #01-60 S5101,510185
Pasir Ris St 12,HDB Public Shelter,Blk 192 Pasir Ris Street 12 #01-06 S5101,510192
Pasir Ris St 12,HDB Public Shelter,Blk 194 Pasir Ris Street 12 #01-76 S5101,510194
Pasir Ris St 21,HDB Public Shelter,Blk 207 Pasir Ris St 21 #01-356 S5102,510207
Pasir Ris St 21,HDB Public Shelter,Blk 212 Pasir Ris St 21 #01-226 S5102,510212
Pasir Ris St 21,HDB Public Shelter,Blk 219/220 Pasir Ris St 21 #01-170 S5102,510220
Pasir Ris St 21,HDB Public Shelter,Blk 221 Pasir Ris St 21 #01-116 S5102,510221
Pasir Ris St 21,HDB Public Shelter,Blk 226 Pasir Ris St 21 #01-76 S5102,510226
Pasir Ris St 21,HDB Public Shelter,Blk 230 Pasir Ris St 21 #01-44 S5102,510230
Pasir Ris Drive 4,HDB Public Shelter,Blk 233 Pasir Ris Drive 4 #01-490 S5102,510233
Pasir Ris St 21,HDB Public Shelter,Blk 247 Pasir Ris St 21 #01-145 S5102,510247
Pasir Ris St 21,HDB Public Shelter,Blk 252 Pasir Ris St 21 #01-203 S5102,510252
Pasir Ris St 21,HDB Public Shelter,Blk 273 Pasir Ris Street 21 #01-498 S5102,510273
Pasir Ris Dr 6,HDB Public Shelter,Blk 448 Pasir Ris Dr 6 #B1-150 S5104,510448
Pasir Ris Dr 6,HDB Public Shelter,Blk 450 Pasir Ris Dr 6 #B1-164 S5104,510450
Pasir Ris Dr 6,HDB Public Shelter,Blk 451 Pasir Ris Dr 6 #B1-186 S5104,510451
Pasir Ris Dr 6,HDB Public Shelter,Blk 452 Pasir Ris Dr 6 #B1-232 S5104,510452
Pasir Ris Dr 6,HDB Public Shelter,Blk 453 Pasir Ris Drive 6 #B1-222 S5104,510453
Pasir Ris Dr 6,HDB Public Shelter,Blk 454 Pasir Ris Dr 6 #B1-210 S5104,510454
Pasir Ris Dr 6,HDB Public Shelter,Blk 472 Pasir Ris Dr 6 #B1-458 S5104,510472
Pasir Ris Dr 6,HDB Public Shelter,Blk 473 Pasir Ris Dr 6 #B1-498 S5104,510473
Pasir Ris Dr 6,HDB Public Shelter,Blk 474 Pasir Ris Dr 6 #B1-568 S5104,510474
Pasir Ris Dr 6,HDB Public Shelter,Blk 475 Pasir Ris Dr 6 #B1-544 S5104,510475
Pasir Ris Dr 6,HDB Public Shelter,Blk 476 Pasir Ris Dr 6 #B1-538 S5104,510476
Pasir Ris Dr 6,HDB Public Shelter,Blk 477 Pasir Ris Dr 6 #B1-520 S5104,510477
Pasir Ris Dr 4,HDB Public Shelter,Blk 482 Pasir Ris Dr 4 #B1-395 S5104,510482
Pasir Ris Dr 6,HDB Public Shelter,Blk 483 Pasir Ris Dr 6 #B1-477 S5104,510483
Pasir Ris St 51,HDB Public Shelter,Blk 560 Pasir Ris St 51 #01-235 S5105,510560
Pasir Ris St 52,HDB Public Shelter,Blk 501 Pasir Ris St 52 #01-213 S5105,510561
Pasir Ris St 52,HDB Public Shelter,Blk 506 Pasir Ris St 52 #01-189 S5105,510506
Pasir Ris St 52,HDB Public Shelter,Blk 515 Pasir Ris St 52 #01-81 S5105,510515
Pasir Ris St 52,HDB Public Shelter,Blk 520 Pasir Ris St 52 #01-13 S5105,510520
Pasir Ris St 53,HDB Public Shelter,Blk 570 Pasir Ris St 53 #01-64 S5105,510570
Pasir Ris St 53,HDB Public Shelter,Blk 571 Pasir Ris Street 53 #01-18 S5105,510571
Pasir Ris St 53,HDB Public Shelter,Blk 585 Pasir Ris Street 53 #01-43 S5105,510585
Elias Road,HDB Public Shelter,Blk 612 Elias Road #01-138 S5106,510612
Elias Road,HDB Public Shelter,Blk 614 Elias Road #01-120 S5106,510614
Elias Road,HDB Public Shelter,Blk 615 Elias Road #01-102 S5106,510615
Pasir Ris Dr 3,HDB Public Shelter,Blk 626 Pasir Ris Dr 3 #01-302 S5106,510626
Pasir Ris Dr 3,HDB Public Shelter,Blk 631 Pasir Ris Dr 3 #01-388 S5106,510631
Pasir Ris Dr 1,HDB Public Shelter,Blk 634 Pasir Ris Dr 1 #01-608 S5106,510634
Pasir Ris Dr 1,HDB Public Shelter,Blk 639 Pasir Ris Dr 1 #01-536 S5106,510639
Pasir Ris Dr 10,HDB Public Shelter,Blk 644 Pasir Ris Dr 10 #01-20 S5106,510644
Pasir Ris Dr 10,HDB Public Shelter,Blk 706 Pasir Ris Dr 10 #01-157 S5107,510706
Pasir Ris St 72,HDB Public Shelter,Blk 716 Pasir Ris St 72 #01-09 S5107,510716
Pasir Ris St 72,HDB Public Shelter,Blk 720 Pasir Ris St 72 #01-105 S5107,510720
Pasir Ris Dr 10,HDB Public Shelter,Blk 739 Pasir Ris Dr 10 #01-11 S5107,510739
Pasir Ris St 71,HDB Public Shelter,Blk 741 Pasir Ris St 71 #01-39 S5107,510741
Pasir Ris St 71,HDB Public Shelter,Blk 750 Pasir Ris St 71 #01-10 S5107,510750
Pasir Ris St 71,HDB Public Shelter,Blk 753 Pasir Ris St 71 #01-118 S5107,510753
Pasir Ris St 71,HDB Public Shelter,Blk 760 Pasir Ris St 71 #01-202 S5107,510760
Pasir Ris St 71,HDB Public Shelter,Blk 766 Pasir Ris St 71 #01-308 S5107,510766
Pasir Ris St 71,HDB Public Shelter,Blk 775 Pasir Ris St 71 #01-402 S5107,510775
Pasir Ris St 71,HDB Public Shelter,Blk 776 Pasir Ris Street 71 #01-412 S5107,510776
Hougang St 21,HDB Public Shelter,Blk 221 Hougang St 21 #B1-100 S5302,530221
Hougang St 21,HDB Public Shelter,Blk 221 Hougang St 21 #B1-68 S5302,530221
Hougang St 21,HDB Public Shelter,Blk 222 Hougang St 21 #B1-134 S5302,530222
Hougang Ave 9,HDB Public Shelter,Blk 925 Hougang Ave 9 #01-41 S5309,530925
Hougang Ave 9,HDB Public Shelter,Blk 927 Hougang Ave 9 #01-69 S5309,530927
Hougang Ave 6,HDB Public Shelter,Blk 422 Hougang Ave 6 #B1-122 S5304,530422
Hougang Ave 6,HDB Public Shelter,Blk 423 Hougang Ave 6 #B1-102 S5304,530423
Hougang Ave 6,HDB Public Shelter,Blk 424 Hougang Ave 6 #B1-74 S5304,530424
Hougang Ave 6,HDB Public Shelter,Blk 425 Hougang Ave 6 #B1-62 S5304,530424
Hougang Ave 6,HDB Public Shelter,Blk 426 Hougang Ave 6 #B1-46 S5304,530424
Hougang Ave 6,HDB Public Shelter,Blk 428 Hougang Ave 6 #B1-12 S5304,530428
Hougang Ave 8,HDB Public Shelter,Blk 468 Hougang Ave 8 #01-1510 S5304,530468
Tampines St 71,HDB Public Shelter,Blk 702 Tampines St 71 #01-14 S5207,520702
Tampines St 71,HDB Public Shelter,Blk 703 Tampines St 71 #01-34 S5207,520703
Tampines St 71,HDB Public Shelter,Blk 708 Tampines St 71 #01-102 S5207,520708
Tampines St 71,HDB Public Shelter,Blk 710 Tampines St 71 #01-134 S5207,520710
Tampines St 72,HDB Public Shelter,Blk 717 Tampines St 72 #01-75 S5207,520717
Tampines St 72,HDB Public Shelter,Blk 719 Tampines St 72 #01-37 S5207,520719
Tampines St 71,HDB Public Shelter,Blk 730 Tampines Street 71 #01-61 S5207,520730
Tampines St 72,HDB Public Shelter,Blk 735 Tampines Street 72 #01-04 S5207,520735
Tampines St 72,HDB Public Shelter,Blk 741 Tampines Street 72 #01-74 S5207,520741
Tampines St 82,HDB Public Shelter,Blk 842C Tampines St 82 #01-46 S5238,523842
Tampines St 82,HDB Public Shelter,Blk 842G Tampines St 82 #01-96 S5218,521842
Tampines St 82,HDB Public Shelter,Blk 856E/856F Tampines St 82 #01-208 S5258,525856
Tampines St 24,HDB Public Shelter,Blk 230B Tampines St 24 #01-21 S5252,525230
Tampines St 33,HDB Public Shelter,Blk 354 Tampines St 33 #01-530 S5203,520354
Tampines St 33,HDB Public Shelter,Blk 357 Tampines St 33 #01-610 S5203,520357
Tampines St 34,HDB Public Shelter,Blk 361 Tampines St 34 #01-401 S5203,520361
Tampines St 34,HDB Public Shelter,Blk 364 Tampines St 34 #01-133 S5203,520364
Tampines St 34,HDB Public Shelter,Blk 367 Tampines St 34 #01-77 S5203,520367
Tampines St 34,HDB Public Shelter,Blk 374 Tampines St 34 #01-42 S5203,520374
Tampines St 32,HDB Public Shelter,Blk 387 Tampines St 32 #01-87 S5203,520387
Tampines Ave 7,HDB Public Shelter,Blk 393 Tampines Ave 7 #01-251 S5203,520393
Tampines St 42,HDB Public Shelter,Blk 450A Tampines St 42 #01-356 S5214,521450
Tampines St 42,HDB Public Shelter,Blk 450G Tampines St 42 #01-382 S5274,527450
Tampines Ave 9,HDB Public Shelter,Blk 487A Tampines Ave 9 #B1-96 S5204,520487
Tampines Street 45,HDB Public Shelter,Blk 487B Tampines Street 45 #B1-123 S5214,521487
Tampines St 44,HDB Public Shelter,Blk 487C Tampines St 4497H5 #B1-103 S5224,522487
Tampines St 45,HDB Public Shelter,Blk 488B Tampines St 45 #B1-147 S5214,521488
Tampines St 45,HDB Public Shelter,Blk 491D/491E Tampines St 45 #01-224 S5234,523491
Tampines Ave 9,HDB Public Shelter,Blk 492B Tampines Ave 9 #01-422 S5204,520492
Tampines St 43,HDB Public Shelter,Blk 493D/493E Tampines St 43 #01-326 S5204,520493
Tampines Ave 9,HDB Public Shelter,Blk 494B Tampines Ave 9 #01-458 S5204,520494
Tampines Ave 9,HDB Public Shelter,Blk 496G Tampines Ave 9 #01-500 S5204,520496
Tampines St 45,HDB Public Shelter,Blk 497C Tampines St 45 #01-54 S5224,522497
Tampines St 45,HDB Public Shelter,Blk 497H Tampines St 45 #01-92 S5264,526497
Tampines St 45,HDB Public Shelter,Blk 498A Tampines St 45 #01-360 S5204,520498
Tampines St 45,HDB Public Shelter,Blk 498M Tampines St 45 #01-498 S5294,529498
Tampines Ave 8,HDB Public Shelter,Blk 891 Tampines Ave 8 #01-82 S5208,520891
Hougang Street 11,HDB Public Shelter,Blk 159 Hougang Street 11#01-17 S(53015,530159
Hougang Ave 1,HDB Public Shelter,Blk 165 Hougang Ave 1 #01-1598 S5301,530165
Hougang Central,HDB Public Shelter,Blk 836 Hougang Central #01-539 S5308,530836
Hougang Central,HDB Public Shelter,Blk 837 Hougang Central #01-527 S5308,530837
Serangoon North Ave 4,HDB Public Shelter,Blk 509 Serangoon North Ave 4 #01-360 S5505,550509
Serangoon North Ave 4,HDB Public Shelter,Blk 512 Serangoon North Ave 4 #01-416 S5505,550512
Serangoon North Ave 4,HDB Public Shelter,Blk 517 Serangoon North Ave 4 #B1-228 S5505,550517
Serangoon North Ave 4,HDB Public Shelter,Blk 518 Serangoon North Ave 4 #B1-208 S5505,550518
Serangoon North Ave 4,HDB Public Shelter,Blk 523 Serangoon North Ave 4 #B1-30 S5505,550523
Serangoon North Ave 4,HDB Public Shelter,Blk 524 Serangoon North Ave 4 #B1-46 S5505,550523
Serangoon North Ave 4,HDB Public Shelter,"Blk 533 Serangoon North Ave 4 #B1-233, S5505",550533
Serangoon North Ave 4,HDB Public Shelter,Blk 534 Serangoon North Ave 4 #B1-207 S5505,550534
Serangoon North Ave 4,HDB Public Shelter,Blk 540 Serangoon North Ave 4 #B1-109 S5505,550540
Serangoon North Ave 4,HDB Public Shelter,Blk 541 Serangoon North Ave 4 #B1-129 S5505,550541
Serangoon North Ave 3,HDB Public Shelter,Blk 546 Serangoon North Ave 3 #01-226 S5505,550546
Serangoon North Ave 3,HDB Public Shelter,Blk 548 Serangoon North Ave 3 #01-07 S5505,550548
Serangoon North Ave 3,HDB Public Shelter,Blk 554 Serangoon North Ave 3 #01-85 S5505,550554
Hougang St 91,HDB Public Shelter,Blk 911 Hougang St 91 #01-58 S5309,530911
Hougang St 91,HDB Public Shelter,Blk 915 Hougang St 91 #01-10 S5309,530915
Hougang Ave 9,HDB Public Shelter,Blk 916 Hougang Ave 9 #01-08 S5309,530916
Hougang Ave 9,HDB Public Shelter,Blk 919 Hougang Ave 9 #01-459 S5309,530919
Yishun Ring Road,HDB Public Shelter,Blk 310 Yishun Ring Road #01-1230 S7603,760310
Ang Mo Kio Ave 4,HDB Public Shelter,Blk 617 Ang Mo Kio Ave 4 #01-1041 S5606,560617
Ang Mo Kio Ave 4,HDB Public Shelter,Blk 619 Ang Mo Kio Ave 4 #01-1073 S5606,560619
Hougang Ave 8,HDB Public Shelter,Blk 435 Hougang Ave 8 #B1-1679 S5304,530435
Hougang Ave 8,HDB Public Shelter,Blk 436 Hougang Ave 8 #B1-1505 S5304,530436
Hougang Ave 8,HDB Public Shelter,Blk 437 Hougang Ave 8 #B1-1521 S5304,530437
Hougang Ave 8,HDB Public Shelter,Blk 439 Hougang Ave 8 #B1-1555 S5304,530439
Hougang Ave 8,HDB Public Shelter,Blk 440 Hougang Ave 8 #B1-1567 S5304,530440
Hougang Ave 8,HDB Public Shelter,Blk 444 Hougang Ave 8 #B1-1591 S5304,530444
Hougang Ave 8,HDB Public Shelter,Blk 444 Hougang Ave 8 #B1-1599 S5304,530444
Hougang Ave 8,HDB Public Shelter,Blk 445 Hougang Ave 8 #B1-1615 S5304,530445
Hougang Ave 8,HDB Public Shelter,Blk 446 Hougang Ave 8 #B1-1635 S5304,530446
Hougang Ave 10,HDB Public Shelter,Blk 447 Hougang Ave 10 #B1-517 S5304,530447
Hougang Ave 10,HDB Public Shelter,Blk 448 Hougang Ave 10 #B1-529 S5304,530448
Hougang Ave 10,HDB Public Shelter,Blk 449 Hougang Ave 10 #B1-509 S5304,530449
Hougang Ave 10,HDB Public Shelter,Blk 450 Hougang Ave 10 #B1-541 S5304,530450
Hougang Ave 10,HDB Public Shelter,Blk 451 Hougang Ave 10 #B1-553 S5304,530451
Hougang Ave 10,HDB Public Shelter,Blk 452 Hougang Ave 10 #B1-565 S5304,530452
Hougang Ave 10,HDB Public Shelter,Blk 453 Hougang Ave 10 #B1-583 S5304,530453
Hougang St 52,HDB Public Shelter,Blk 534 Hougang St 52 #B1-32 S5305,530534
Hougang St 52,HDB Public Shelter,Blk 535 Hougang Street 52 #B1-14 S5305,530535
Hougang St 52,HDB Public Shelter,Blk 536 Hougang St 52 #B1-106 S5305,530536
Hougang St 52,HDB Public Shelter,Blk 537 Hougang St 52 #B1-94 S5305,530537
Hougang St 52,HDB Public Shelter,Blk 538 Hougang Street 52 #B1-84 S5305,530538
Hougang St 52,HDB Public Shelter,Blk 539 Hougang St 52 #B1-48 S5305,530539
Hougang Ave 8,HDB Public Shelter,Blk 540 Hougang Ave 8 #B1-1235 S5305,530540
Hougang Ave 8,HDB Public Shelter,Blk 541 Hougang Ave 8 #B1-1215 S5305,530541
Hougang St 51,HDB Public Shelter,Blk 552 Hougang St 51 #B1-214 S5305,530552
Hougang St 51,HDB Public Shelter,"Blk 553 Hougang St 51 #B1-270, S5305",530553
Hougang St 51,HDB Public Shelter,Blk 570 Hougang St 51 #01-105 S5305,530570
Hougang St 51,HDB Public Shelter,Blk 573 Hougang St 51 #01-21 S5305,530573
Hougang Ave 4,HDB Public Shelter,Blk 580 Hougang Ave 4 #01-620 S5305,530580
Woodlands Dr 40,HDB Public Shelter,Blk 702 Woodlands Dr 40 #01-88 S7307,730702
Woodlands Dr 40,HDB Public Shelter,Blk 710 Woodlands Dr 40 #01-45 S7307,730710
Woodlands Dr 40,HDB Public Shelter,Blk 711 Woodlands Dr 40 #01-65 S7307,730711
Woodlands Dr 70,HDB Public Shelter,Blk 717 Woodlands Dr 70 #01-114 S7307,730717
Woodlands Ave 6,HDB Public Shelter,Blk 718 Woodlands Ave 6 #01-684 S7307,730718
Woodlands Circle,HDB Public Shelter,Blk 721 Woodlands Circle #01-122 S7307,730721
Woodlands Ave 6,HDB Public Shelter,Blk 724 Woodlands Ave 6 #01-502 S7307,730724
Woodlands Circle,HDB Public Shelter,Blk 729 Woodlands Circle #01-47 S7307,730729
Woodlands Circle,HDB Public Shelter,Blk 738 Woodlands Circle #01-373 S7307,730738
Woodlands Circle,HDB Public Shelter,Blk 740 Woodlands Circle #01-413 S7307,730740
Woodlands Circle,HDB Public Shelter,Blk 743 Woodlands Circle #01-465 S7307,730743
Woodlands Circle,HDB Public Shelter,Blk 747 Woodlands Circle #01-708 S7307,730747
Woodlands Circle,HDB Public Shelter,Blk 749 Woodlands Circle #01-604 S7307,730749
Woodlands Ave 4,HDB Public Shelter,Blk 756 Woodlands Ave 4 #01-283 S7307,730756
Woodlands Ave 6,HDB Public Shelter,Blk 759 Woodlands Ave 6 #01-32 S7307,730759
Woodlands Ave 6,HDB Public Shelter,Blk 763 Woodlands Ave 6 #01-70 S7307,730763
Woodlands Ave 6,HDB Public Shelter,Blk 791 Woodlands Ave 6 #01-603 S7307,730791
Woodlands Ave 7,HDB Public Shelter,Blk 792 Woodlands Ave 7 #01-675 S7307,730792
Woodlands Dr 72,HDB Public Shelter,Blk 795 Woodlands Dr 72 #01-13 S7307,730795
Boon Lay Drive,HDB Public Shelter,Blk 260 Boon Lay Drive #01-527 S6402,640260
Boon Lay Drive,HDB Public Shelter,Blk 263 Boon Lay Drive #01-583 S6402,640263
Bukit Batok West Ave 6,HDB Public Shelter,Blk 188 Bukit Batok West Ave 6 #01-07 S6501,650188
Bukit Batok Central,HDB Public Shelter,Blk 625 Bukit Batok Central #01-386 S6506,650625
Bukit Batok St 25,HDB Public Shelter,Blk 288C Bukit Batok St 25 #01-28 S6522,652288
Bukit Batok St 25,HDB Public Shelter,Blk 289E Bukit Batok St 25 #01-160 S6542,654289
Bukit Batok St 24,HDB Public Shelter,Blk 290A Bukit Batok St 24 #01-87 S6522,652290
Bukit Batok East Ave 3,HDB Public Shelter,Blk 290D Bukit Batok East Ave 3 #01-370 S(65029,650290
Bukit Batok,HDB Public Shelter,Blk 291B Bukit Batok #01-39 S6512,651291
Bukit Batok East Ave 3,HDB Public Shelter,Blk 285 Bukit Batok East Ave 3 #01-427 S6502,650285
Gangsa Road,HDB Public Shelter,Blk 171A Gangsa Road #01-50 S6711,671171
Fajar Road,HDB Public Shelter,Blk 436 Fajar Road #B1-384 S6704,670436
Fajar Road,HDB Public Shelter,Blk 438 Fajar Road #B1-412 S6704,670438
Fajar Road,HDB Public Shelter,Blk 439 Fajar Road #B1-428 S6704,670439
Fajar Road,HDB Public Shelter,Blk 441 Fajar Road #B1-466 S6704,670441
Fajar Road,HDB Public Shelter,Blk 442 Fajar Rd #01-482 S4794,670442
Fajar Road,HDB Public Shelter,Blk 451 Fajar Road #01-726 S6704,670451
Fajar Road,HDB Public Shelter,Blk 453 Fajar Rd #01-702 S6704,670453
Jelapang Road,HDB Public Shelter,Blk 501 Jelapang Road #01-420 S(67050,670501
Jelapang Road,HDB Public Shelter,Blk 505 Jelapang Road #01-448 S6705,670505
Jalan Teck Whye,HDB Public Shelter,Blk 150 Jalan Teck Whye #01-43 S6801,680150
Jalan Teck Whye,HDB Public Shelter,Blk 151 Jalan Teck Whye #01-29 S6801,680151
Jalan Teck Whye,HDB Public Shelter,Blk 163 Jalan Teck Whye #01-220 S6801,680163
Choa Chu Kang Ave 1,HDB Public Shelter,Blk 202 Choa Chu Kang Ave 1 #B1-63 S6802,680202
Choa Chu Kang Ave 1,HDB Public Shelter,Blk 203 Choa Chu Kang Ave 1 #B1-41 S6802,680203
Choa Chu Kang Ave 1,HDB Public Shelter,Blk 204 Choa Chu Kang Ave 1 #B1-15 S6802,680204
Choa Chu Kang Central,HDB Public Shelter,Blk 207 Choa Chu Kang Central #B1-08 S6802,680207
Choa Chu Kang Central,HDB Public Shelter,Blk 208 Choa Chu Kang Central #B1-82 S6802,680208
Choa Chu Kang Central,HDB Public Shelter,Blk 210 Choa Chu Kang Central #B1-162 S6802,680210
Choa Chu Kang Central,HDB Public Shelter,Blk 211 Choa Chu Kang Central #B1-120 S6802,680211
Choa Chu Kang Central,HDB Public Shelter,Blk 214 Choa Chu Kang Central #B1-230 S6802,680214
Choa Chu Kang Central,HDB Public Shelter,Blk 215 Choa Chu Kang Central #B1-186 S6802,680215
Choa Chu Kang Central,HDB Public Shelter,Blk 217 Choa Chu Kang Central #B1-212 S6802,680217
Choa Chu Kang Central,HDB Public Shelter,Blk 218 Choa Chu Kang Central #B1-250 S6802,680218
Choa Chu Kang Central,HDB Public Shelter,Blk 219 Choa Chu Kang Central #B1-256 S6802,680219
Choa Chu Kang Central,HDB Public Shelter,Blk 220 Choa Chu Kang Central #B1-266 S6802,680220
Choa Chu Kang Central,HDB Public Shelter,Blk 230 Choa Chu Kang Central #B1-163 S6802,680230
Choa Chu Kang Central,HDB Public Shelter,Blk 232 Choa Chu Kang Central #B1-127 S6802,680232
Choa Chu Kang Central,HDB Public Shelter,Blk 233 Choa Chu Kang Central #B1-97 S6802,680233
Choa Chu Kang Central,HDB Public Shelter,Blk 235 Choa Chu Kang Central #B1-25 S6802,680235
Choa Chu Kang Central,HDB Public Shelter,Blk 237 Choa Chu Kang Central #B1-63 S6802,680237
Choa Chu Kang Ave 2,HDB Public Shelter,Blk 252 Choa Chu Kang Ave 2 #01-304 S6802,680252
Choa Chu Kang Ave 2,HDB Public Shelter,Blk 273 Choa Chu Kang Ave 2 #01-241 S6802,680273
Choa Chu Kang St 51,HDB Public Shelter,Blk 516 Choa Chu Kang St 51 #01-66 S6805,680516
Choa Chu Kang St 51,HDB Public Shelter,Blk 517 Choa Chu Kang Street 51 #01-30 S6805,680517
Choa Chu Kang St 51,HDB Public Shelter,Blk 530 Choa Chu Kang St 51 #01-323 S6805,680530
Choa Chu Kang Ave 3,HDB Public Shelter,Blk 284 Choa Chu Kang Ave 3 #B1-330 S6802,680284
Choa Chu Kang Ave 3,HDB Public Shelter,Blk 285 Choa Chu Kang Ave 3 #B1-298 S6802,680285
Choa Chu Kang Ave 3,HDB Public Shelter,Blk 286 Choa Chu Kang Ave 3 #B1-318 S6802,680286
Choa Chu Kang Ave 2,HDB Public Shelter,Blk 287 Choa Chu Kang Ave 2 #B1-203 S6802,680287
Choa Chu Kang Ave 3,HDB Public Shelter,Blk 288 Choa Chu Kang Ave 3 #B1-288 S6802,680288
Choa Chu Kang Ave 3,HDB Public Shelter,Blk 289 Choa Chu Kang Ave 3 #B1-268 S6802,680289
Choa Chu Kang Ave 3,HDB Public Shelter,Blk 294 Choa Chu Kang Ave 3 #B1-177 S6802,680294
Choa Chu Kang Ave 2,HDB Public Shelter,Blk 295 Choa Chu Kang Ave 2 #B1-157 S6802,680295
Choa Chu Kang Ave 2,HDB Public Shelter,Blk 296 Choa Chu Kang Ave 2 #01-12 S6802,680296
Choa Chu Kang Ave 2,HDB Public Shelter,Blk 297C Choa Chu Kang Ave 2 #01-96 S6802,680297
Choa Chu Kang Loop,HDB Public Shelter,Blk 340 Choa Chu Kang Loop #01-09 S6803,680340
Choa Chu Kang Ave 4,HDB Public Shelter,Blk 445 Choa Chu Kang Ave 4 #01-307 S(68044,680445
Choa Chu Kang Ave 4,HDB Public Shelter,Blk 447 Choa Chu Kang Ave 4 #01-371 S(68044,680447
Jurong West St 71,HDB Public Shelter,Blk 705 Jurong West St 71 #01-78 S6407,640705
Jurong West St 71,HDB Public Shelter,Blk 709 Jurong West St 71 #01-34 S6407,640709
Jurong West St 71,HDB Public Shelter,Blk 711 Jurong West Street 71 #B1-11 S6407,640711
Jurong West St 71,HDB Public Shelter,Blk 713 Jurong West Street 71 #B1-37 S6407,640713
Jurong West St 71,HDB Public Shelter,Blk 714 Jurong West St 71 #B1-147 S6407,640714
Jurong West St 71,HDB Public Shelter,Blk 715 Jurong West St 71 #B1-51 S6407,640715
Jurong West St 71,HDB Public Shelter,Blk 716 Jurong West Street 71 #B1-73 S6407,640716
Jurong West St 71,HDB Public Shelter,Blk 717 Jurong West St 71 #B1-107 S6407,640717
Jurong West St 71,HDB Public Shelter,Blk 718 Jurong West Street 71 #B1-99 S6407,640718
Jurong West Ave 5,HDB Public Shelter,Blk 720 Jurong West Ave 5 #B1-94 S6407,640720
Jurong West Street 81,HDB Public Shelter,Blk 721 Jurong West Street 81 #B1-102 S6407,640721
Jurong West Street 71,HDB Public Shelter,Blk 722 Jurong West St 71 #B1-132 S6407,640722
Jurong West Ave 5,HDB Public Shelter,Blk 723 Jurong West Ave 5 #B1-144 S6407,640723
Jurong West Street 72,HDB Public Shelter,Blk 724 Jurong West Street 72 #B1-13 S6407,640724
Jurong West Ave 5,HDB Public Shelter,Blk 725 Jurong West Ave 5 #B1-164 S6407,640725
Jurong West Ave 5,HDB Public Shelter,Blk 727 Jurong West Ave 5 #B1-182 S6407,640727
Jurong West Ave 5,HDB Public Shelter,Blk 728 Jurong West Ave 5 #B1-198 S6407,640728
Jurong West Ave 5,HDB Public Shelter,Blk 729 Jurong West Ave 5 #B1-214 S6407,640729
Jurong West Street 72,HDB Public Shelter,Blk 730 Jurong West Street 72 #B1-45 S6407,640730
Jurong West Street 72,HDB Public Shelter,Blk 731 Jurong West St 72 #B1-29 S6407,640731
Jurong West Street 73,HDB Public Shelter,Blk 732 Jurong West Street 73 #01-48 S6407,640732
Jurong West St 75,HDB Public Shelter,Blk 735 Jurong West St 75 #01-19 S6407,640735
Jurong West Street 73,HDB Public Shelter,Blk 743 Jurong West St 73 #B1-03 S6407,640743
Jurong West Street 73,HDB Public Shelter,Blk 745 Jurong West St 73 #B1-57 S6407,640745
Jurong West Street 73,HDB Public Shelter,Blk 746 Jurong West St 73 #B1-111 S6407,640746
Jurong West Street 73,HDB Public Shelter,Blk 748 Jurong West St 73 #B1-127 S6407,640748
Jurong West Street 73,HDB Public Shelter,Blk 749 Jurong West St 73 #B1-145 S6407,640749
Jurong West Street 73,HDB Public Shelter,Blk 751 Jurong West St 73 #B1-175 S6407,640751
Jurong West St 74,HDB Public Shelter,Blk 760 Jurong West St 74 #01-08 S6407,640760
Jurong West St 81,HDB Public Shelter,Blk 810 Jurong West St 81 #01-88 S6408,640810
Jurong West St 81,HDB Public Shelter,Blk 811 Jurong West St 81 #01-64 S6408,640811
Jurong West St 81,HDB Public Shelter,Blk 812 Jurong West St 81 #B1-164 S6408,640812
Jurong West St 81,HDB Public Shelter,Blk 813 Jurong West St 81 #B1-184 S6408,640813
Jurong West St 81,HDB Public Shelter,"Blk 814 Jurong West St 81 #B1-204, S6408",640814
Jurong West St 81,HDB Public Shelter,Blk 815 Jurong West St 81 #B1-222 S6408,640815
Jurong West St 81,HDB Public Shelter,Blk 816 Jurong West St 81 #01-44 S6408,640816
Jurong West St 81,HDB Public Shelter,Blk 821 Jurong West St 81 #B1-490 S6408,640821
Jurong West St 81,HDB Public Shelter,Blk 823 Jurong West Street 81 #B1-462 S6408,640823
Jurong West St 81,HDB Public Shelter,Blk 824 Jurong West Street 81 #B1-444 S6408,640824
Jurong West St 81,HDB Public Shelter,Blk 826 Jurong West St 81 #B1-424 S6408,640826
Jurong West St 81,HDB Public Shelter,Blk 835 Jurong West Street 81 #B1-45 S6408,640835
Jurong West St 81,HDB Public Shelter,Blk 836 Jurong West St 81 #01-65 S6408,640836
Jurong West St 81,HDB Public Shelter,Blk 838 Jurong West St 81 #B1-153 S6408,640838
Jurong West St 81,HDB Public Shelter,Blk 840 Jurong West St 81 #01-107 S6408,640840
Jurong West St 81,HDB Public Shelter,Blk 845 Jurong West St 81 #01-229 S6408,640845
Jurong West St 81,HDB Public Shelter,Blk 850 Jurong West St 81 #01-267 S6408,640850
Jurong West St 81,HDB Public Shelter,Blk 852 Jurong West St 81 #01-303 S6408,640852
Jurong West St 81,HDB Public Shelter,Blk 854 Jurong West St 81 #01-502 S6408,640854
Jurong West St 81,HDB Public Shelter,Blk 859 Jurong West St 81 #01-572 S6408,640859
Jurong West St 81,HDB Public Shelter,Blk 863 Jurong West St 81 #01-515 S6408,640863
Jurong West Central 1,HDB Public Shelter,Blk 690 Jurong West Central 1 #01-193 S6406,640690
Jurong West Central 1,HDB Public Shelter,Blk 691 Jurong West Central 1 #01-185 S6406,640691
Jurong West Central 1,HDB Public Shelter,Blk 692 Jurong West Central 1 #01-81 S(64069,640692
Jurong West Central 1,HDB Public Shelter,Blk 694 Jurong West Central 1 #01-191 S6406,640694
Yung Ho Road,HDB Public Shelter,Blk 151 Yung Ho Road #B1-91 S6101,610151
Yung Ho Road,HDB Public Shelter,Blk 152 Yung Ho Road #B1-03 S6101,610152
Yung Ho Road,HDB Public Shelter,Blk 153 Yung Ho Road #B1-35 S6101,610153
Yung Ho Road,HDB Public Shelter,Blk 154 Yung Ho Road #B1-51 S6101,610154
Yung Loh Road,HDB Public Shelter,Blk 156 Yung Loh Road #01-12 S6101,610155
Yung Ping Rd,HDB Public Shelter,Blk 163 Yung Ping Rd #01-90 S(61016,610163
Tah Ching Rd,HDB Public Shelter,Blk 323 Tah Ching Rd #01-62 S6103,610323
Tah Ching Rd,HDB Public Shelter,Blk 324 Tah Ching Rd #01-46 S6103,610324
Tah Ching Rd,HDB Public Shelter,Blk 332 Tah Ching Rd #01-169 S6103,610332
Kang Ching Road,HDB Public Shelter,Blk 347 Kang Ching Road #01-145 S(61034,610347
Corporation Drive,HDB Public Shelter,Blk 351 Corporation Drive #01-520 S6103,610351
Kang Ching Road,HDB Public Shelter,Blk 353 Kang Ching Road #01-39 S6103,610353
Yung An Road,HDB Public Shelter,Blk 359 Yung An Road #01-79 S6103,610359
Yung An Road,HDB Public Shelter,Blk 362 Yung An Road #01-131 S6103,610362
Corporation Drive,HDB Public Shelter,Blk 368 Corporation Drive #01-465 S6103,610368
Woodlands Ave 1,HDB Public Shelter,Blk 351 Woodlands Ave 1 #01-721 S7303,730351
Woodlands Ave 1,HDB Public Shelter,Blk 355 Woodlands Ave 1 #01-707 S7303,730355
Woodlands Ave 5,HDB Public Shelter,Blk 363 Woodlands Ave 5 #01-440 S7303,730363
Woodlands Ave 1,HDB Public Shelter,Blk 368 Woodlands Ave 1 #01-807 S7303,730368
Woodlands St 41,HDB Public Shelter,Blk 401 Woodlands St 41 #01-30 S7304,730401
Woodlands St 41,HDB Public Shelter,Blk 408 Woodlands St 41 #01-09 S7304,730408
Woodlands St 41,HDB Public Shelter,Blk 418 Woodlands St 41 #01-131 S7304,730418
Woodlands St 41,HDB Public Shelter,Blk 424 Woodlands St 41 #01-340 S7304,730424
Woodlands Dr 42,HDB Public Shelter,Blk 601 Woodlands Dr 42 #01-83 S7306,730601
Woodlands Dr 42,HDB Public Shelter,Blk 605 Woodlands Dr 42 #01-105 S7306,730605
Woodlands St 81,HDB Public Shelter,Blk 810 Woodlands St 81 #01-191A S7308,730810
Woodlands St 81,HDB Public Shelter,Blk 827 Woodlands St 81 #01-92 S7308,730827
Woodlands Ave 4,HDB Public Shelter,Blk 846 Woodlands Ave 4 #01-612 S7308,730846
Woodlands Street 83,HDB Public Shelter,Blk 851 Woodlands Street 83 #01-18 S7308,730851
Woodlands Street 83,HDB Public Shelter,Blk 859 Woodlands St 83 #01-140 S7308,730859
Woodlands Street 81,HDB Public Shelter,Blk 871 Woodlands Street 81 #01-292 S7308,730871
Woodlands Ave 9,HDB Public Shelter,Blk 876 Woodlands Ave 9 #01-256 S7308,730876
Woodlands Street 82,HDB Public Shelter,Blk 880 Woodlands St 82 #01-08 S7308,730880
Woodlands Dr 50,HDB Public Shelter,Blk 892A Woodlands Dr 50 #01-153 S7308,730892
Woodlands Dr 50,HDB Public Shelter,Blk 894B Woodlands Dr 50 #01-49 S7318,731894
Woodlands Dr 50,HDB Public Shelter,Blk 895B Woodlands Dr 50 #01-24 S7318,731894
Woodlands Dr 50,HDB Public Shelter,Blk 897A Woodlands Dr 50 #01-50 S7308,730897
Woodlands Dr 50,HDB Public Shelter,Blk 899A Woodlands Dr 50 #01-250 S7308,730899
Woodlands Dr 50,HDB Public Shelter,Blk 899C Woodlands Dr 50 #01-296 S7328,732899
Choa Chu Kang St 51,HDB Public Shelter,Blk 504 Choa Chu Kang St 51 #01-173 S6805,680504
Choa Chu Kang St 51,HDB Public Shelter,Blk 505 Choa Chu Kang St 51 #01-191 S6805,680505
Choa Chu Kang St 52,HDB Public Shelter,Blk 541 Choa Chu Kang St 52 #01-46 S6805,680541
Blk 544 Choa Chu Kang St 52 #01-88 S680544,HDB Public Shelter,Blk 544 Choa Chu Kang St 52 #01-88 S6805,680544
Blk 544 Choa Chu Kang St 52 #01-88 S680544,HDB Public Shelter,Blk 549 Choa Chu Kang St 52 #01-13 S6805,680549
Choa Chu Kang North 6,HDB Public Shelter,Blk 555 Choa Chu Kang North 6 #01-34 S6805,680555
Choa Chu Kang North 6,HDB Public Shelter,Blk 561 Choa Chu Kang North 6 #01-82 S6805,680561
Choa Chu Kang St 62,HDB Public Shelter,Blk 601 Choa Chu Kang St 62 #01-09 S6806,680601
Choa Chu Kang St 62,HDB Public Shelter,Blk 610 Choa Chu Kang St 62 #01-161 S6806,680610
Choa Chu Kang St 62,HDB Public Shelter,Blk 614 Choa Chu Kang St 62 #01-233 S6806,680614
Choa Chu Kang St 62,HDB Public Shelter,Blk 620 Choa Chu Kang St 62 #01-18 S6806,680620
Choa Chu Kang St 62,HDB Public Shelter,Blk 626 Choa Chu Kang St 62 #01-180 S6806,680626
Choa Chu Kang North 6,HDB Public Shelter,Blk 632A Choa Chu Kang North 6 #B1-01 S6816,681632
Choa Chu Kang St 64,HDB Public Shelter,Blk 639 Choa Chu Kang St 64 #01-31 S6806,680639
Choa Chu Kang Street 64,HDB Public Shelter,Blk 642 Choa Chu Kang Street 64 #01-65 S6806,680642
Choa Chu Kang Crescent,HDB Public Shelter,Blk 660 Choa Chu Kang Crescent #01-93 S6806,680660
Choa Chu Kang St 53,HDB Public Shelter,Blk 704 Choa Chu Kang St 53 #01-80 S6807,680704
Choa Chu Kang St 53,HDB Public Shelter,Blk 707 Choa Chu Kang St 53 #01-118 S6807,680707
Choa Chu Kang North 5,HDB Public Shelter,Blk 753 Choa Chu Kang North 5 #01-213 S6807,680753
Choa Chu Kang North 5,HDB Public Shelter,Blk 759 Choa Chu Kang North 5 #01-145 S6807,680759
Choa Chu Kang North 5,HDB Public Shelter,Blk 764 Choa Chu Kang North 5 #01-275 S6807,680764
Choa Chu Kang St 54,HDB Public Shelter,Blk 768 Choa Chu Kang St 54 #01-29 S6807,680768
Choa Chu Kang Drive,HDB Public Shelter,Blk 785 Choa Chu Kang Drive #01-223 S6807,680785
Choa Chu Kang North 6,HDB Public Shelter,Blk 790 Choa Chu Kang North 6 #01-238 S6807,680790
St Gabriel’s Secondary,School Shelter,24 Serangoon Ave 1 (55614,556140
Greenridge Secondary,School Shelter,32 Bukit Panjang Ring Road (67993,679938
Anderson Secondary,School Shelter,10 Ang Mo Kio Street 53 (56920,569206
Damai Secondary,School Shelter,4800 Bedok Reservoir Road (47922,479229
Dunearn Secondary,School Shelter,21 Bukit Batok West Ave2 (65920,659204
Springfield Secondary,School Shelter,30 Tampines Avenue 8 (52959,529593
Greenview Secondary,School Shelter,15 Pasir Ris Street 21 (51896,518969
Northland Secondary,School Shelter,3 Yishun Street 22 (76857,768578
Ngee Ann Secondary,School Shelter,1 Tampines Street 32 (52928,529283
Hong Kah Secondary l,School Shelter,931 Jurong West Street 42 (64937,649370
Peirce Secondary,School Shelter,10 Sin Ming Walk (57556,575566
Fajar Secondary,School Shelter,31 Gangsa Road (67897,678972
Crest Secondary,School Shelter,561 Jurong East Street 24 (60956,609561
Kranji Secondary,School Shelter,61 Choa Chu Kang Street 51 (68933,689333
Pioneer Secondary,School Shelter,21 Jurong West Street 81 (64907,649075
Whitley Secondary,School Shelter,30 Bishan Street 24 (57974,579747
Bukit Panjang Govt. High,School Shelter,7 Choa Chu Kang Avenue 4 (68980,689809
Cresent Girls' Secondary,School Shelter,357 Tanglin Road (24796,247961
Tanjong Katong Girls',School Shelter,20 Dunman Lane (43712,437126
Anglo-Chinese School (Junior),School Shelter,16 Winstedt Road (22798,227988
Tanglin Secondary,School Shelter,301 West Coast Road (12739,127391
Cedar Girl’s School,School Shelter,1 Cedar Avenue (34969,349692
Bartley Secondary,School Shelter,10 Jalan Bunga Rampai (53840,538403
Dunman High,School Shelter,10 Tanjong Katong Rd (43689,436895
Siglap Secondary,School Shelter,10 Pasir Ris Drive 10 (51938,519385
Queenstown Secondary,School Shelter,1 Strathmore Road (14880,148800
Balestier Hill Secondary,School Shelter,11 Novena Rise (30751,307516
Henderson Secondary,School Shelter,100 Henderson Road (15954,159544
Bendemeer Secondary,School Shelter,1 Saint Wilfred Road (32791,327919
New Town Secondary,School Shelter,1020 Dover Road (13965,139657
Tanjong Katong Secondary,School Shelter,130 Haig Road (43879,438796
Woodlands Ring Secondary,School Shelter,10 Woodlands Ring Road (73823,738239
Sembawang Secondary,School Shelter,30 Sembawang Crescent (75770,757704
Hougang Secondary,School Shelter,2 Hougang Street 93 (53423,534237
Woodsgrove Secondary,School Shelter,3 Woodlands Avenue 6 ( 73899,738990
Orchid Park Secondary,School Shelter,10 Yishun Street 81 (76845,768454
Zhonghua Secondary,School Shelter,13 Serangoon Ave 3 (55612,556123
Sengkang Secondary,School Shelter,10 Compassvale Lane (54509,545090
Yusof Ishak Secondary,School Shelter,11 Bukit Batok Street 25 (65871,658712
Junyuan Secondary,School Shelter,11 Tampines Street 84 (52893,528933
Temasek Secondary,School Shelter,600 Upper East Coast Road (46556,465561
Hwa Chong Institution,School Shelter,661 Bukit Timah Road (26973,269734
Unity Secondary,School Shelter,20 Choa Chu Kang Site Street 62 (68914,689143
Boon Lay Secondary,School Shelter,11Jurong West Street 65 (64835,648354
Coral Secondary,School Shelter,31 Pasir Ris Street 51 (51890,518901
Northbrook Secondary,School Shelter,585 Yishun Ring Road (76869,768692
Bedok North Secondary,School Shelter,20 Jalan Damai (41961,419612
East Spring Secondary,School Shelter,30 Tampines Street 34 (52923,529231
Clementi Woods Secondary,School Shelter,170 West Coast Road (12744,127443
Pasir Ris Crescent Secondary,School Shelter,11 Pasir Ris Street 41 (51893,518934
Changkat Changi Secondary,School Shelter,23 Simei Street 3 (52989,529894
Chestnut Drive Secondary,School Shelter,58 Chestnut Drive (6793,679301
Chong Boon Secondary,School Shelter,2 Ang Mo Kio Street 44 (56925,569250
Kent Ridge Secondary,School Shelter,147 West Coast Road (12736,127368
Teck Whye Secondary,School Shelter,31 Teck Whye Crescent (68884,688848
Yio Chu Kang Secondary,School Shelter,3063 Ang Mo Kio Avenue 5 (56986,569868
Bedok South Secondary,School Shelter,1 Jalan Langgar Bedok (46858,468585
Bukit Merah Secondary,School Shelter,10 Lengkok Bahru (15905,159050
Macpherson Secondary,School Shelter,121 Circuit Road (37949,379499
Deyi Secondary,School Shelter,1 Ang Mo Kio Street 42 (56927,569277
Admiralty Secondary,School Shelter,31 Woodlands Crescent (73791,737916
